Competition,Country,Home Team,Home Score,Away Team,Away Score,Date,URL,Votes,Stats
MLS,USA,Atlanta United,1,Orlando,2,2023-07-16,https://www.goal.com/en/match/atlanta-united-vs-orlando-city/ae3m8qddqr8xwh66od92ratck,"[['Atlanta United', 'Draw', 'Orlando'], ['185', '164', '82']]","{'Ball possession': ['59.2%', '40.8%'], 'Total shots': ['17', '10'], 'Corners': ['7', '1'], 'Fouls': ['18', '13']}"
MLS,USA,Montréal,2,Charlotte,0,2023-07-16,https://www.goal.com/en/match/montreal-vs-charlotte/aeapbs6ax9bjxycl1hspwvsic,"[['Montréal', 'Draw', 'Charlotte'], ['103', '149', '75']]","{'Ball possession': ['46.1%', '53.9%'], 'Total shots': ['14', '6'], 'Corners': ['6', '6'], 'Fouls': ['6', '13']}"
MLS,USA,New England,4,DC United,0,2023-07-16,https://www.goal.com/en/match/new-england-vs-dc-united/aee6tcnjcpu8xzptp6megtb84,"[['New England', 'Draw', 'DC United'], ['197', '162', '66']]","{'Ball possession': ['57.4%', '42.6%'], 'Total shots': ['19', '14'], 'Corners': ['7', '2'], 'Fouls': ['11', '9']}"
MLS,USA,Philadelphia,2,NYCFC,1,2023-07-16,https://www.goal.com/en/match/philadelphia-union-vs-new-york-city/aehsb1mvjk28dcb3tysellk44,"[['Philadelphia', 'Draw', 'NYCFC'], ['163', '137', '50']]","{'Ball possession': ['44%', '56%'], 'Total shots': ['5', '11'], 'Corners': ['3', '6'], 'Fouls': ['9', '9']}"
MLS,USA,Chicago,1,Toronto,0,2023-07-16,https://www.goal.com/en/match/chicago-fire-vs-toronto/aep7qs45ylpxb7939yfgl2n10,"[['Chicago', 'Draw', 'Toronto'], ['137', '110', '47']]","{'Ball possession': ['49.6%', '50.4%'], 'Total shots': ['12', '11'], 'Corners': ['6', '2'], 'Fouls': ['11', '12']}"
MLS,USA,Minnesota,1,Los Angeles,1,2023-07-16,https://www.goal.com/en/match/minnesota-united-vs-los-angeles/aesqyjoxkucxtpzkvlok1lvys,"[['Minnesota', 'Draw', 'Los Angeles'], ['77', '131', '103']]","{'Ball possession': ['50.1%', '49.9%'], 'Total shots': ['17', '12'], 'Corners': ['11', '4'], 'Fouls': ['4', '9']}"
MLS,USA,Cincinnati,3,Nashville,1,2023-07-16,https://www.goal.com/en/match/cincinnati-vs-nashville-sc/ae70ylc5i147tbxsji2krabys,"[['Cincinnati', 'Draw', 'Nashville'], ['239', '180', '71']]","{'Ball possession': ['55.9%', '44.1%'], 'Total shots': ['16', '6'], 'Corners': ['7', '0'], 'Fouls': ['16', '16']}"
MLS,USA,St. Louis,3,Inter Miami,0,2023-07-16,https://www.goal.com/en/match/st-louis-city-vs-inter-miami/aew3sowvsgozj6eyw9j346vpw,"[['St. Louis', 'Draw', 'Inter Miami'], ['198', '200', '452']]","{'Ball possession': ['36.9%', '63.1%'], 'Total shots': ['19', '10'], 'Corners': ['8', '6'], 'Fouls': ['8', '8']}"
MLS,USA,Austin,2,Sporting KC,1,2023-07-16,https://www.goal.com/en/match/austin-vs-sporting-kc/ael6zumdjqlc6qwsug16vvf9w,"[['Austin', 'Draw', 'Sporting KC'], ['112', '97', '56']]","{'Ball possession': ['48.7%', '51.3%'], 'Total shots': ['10', '8'], 'Corners': ['3', '2'], 'Fouls': ['8', '9']}"
MLS,USA,Colorado,0,Houston,0,2023-07-16,https://www.goal.com/en/match/colorado-rapids-vs-houston-dynamo/aezsplf10mjui9oyhxjp79puc,"[['Colorado', 'Draw', 'Houston'], ['57', '102', '52']]","{'Ball possession': ['52%', '48%'], 'Total shots': ['8', '7'], 'Corners': ['10', '1'], 'Fouls': ['12', '9']}"
MLS,USA,Salt Lake,3,New York,1,2023-07-16,https://www.goal.com/en/match/real-salt-lake-vs-new-york-rb/af37oc0drrqxh1r363s5kzt3o,"[['Salt Lake', 'Draw', 'New York'], ['101', '105', '50']]","{'Ball possession': ['55.5%', '44.5%'], 'Total shots': ['9', '13'], 'Corners': ['2', '6'], 'Fouls': ['19', '16']}"
MLS,USA,Portland,3,Columbus,2,2023-07-16,https://www.goal.com/en/match/portland-timbers-vs-columbus-crew/af6oxj7mi0srx0aeyks7rvor8,"[['Portland', 'Draw', 'Columbus'], ['200', '307', '161']]","{'Ball possession': ['37.8%', '62.2%'], 'Total shots': ['12', '17'], 'Corners': ['4', '7'], 'Fouls': ['18', '7']}"
MLS,USA,Sounders,1,Dallas,1,2023-07-16,https://www.goal.com/en/match/seattle-sounders-vs-dallas/afcdbbcw4ysutxg8megn5k7x0,"[['Sounders', 'Draw', 'Dallas'], ['110', '99', '50']]","{'Ball possession': ['59.2%', '40.8%'], 'Total shots': ['17', '3'], 'Corners': ['14', '1'], 'Fouls': ['15', '20']}"
MLS,USA,Whitecaps,4,Galaxy,2,2023-07-16,https://www.goal.com/en/match/vancouver-whitecaps-vs-la-galaxy/affnf0xux24votfip2abpxjis,"[['Whitecaps', 'Draw', 'Galaxy'], ['87', '96', '88']]","{'Ball possession': ['51.7%', '48.3%'], 'Total shots': ['17', '12'], 'Corners': ['5', '7'], 'Fouls': ['14', '9']}"
Liga MX,Mexico,San Luis,4,Querétaro,1,2023-07-16,https://www.goal.com/en/match/atletico-san-luis-vs-queretaro/dc1vp7m1wki8mylactgh8j3tg,"[['San Luis', 'Draw', 'Querétaro'], ['59', '94', '55']]","{'Ball possession': ['60.3%', '39.7%'], 'Total shots': ['15', '13'], 'Corners': ['3', '9'], 'Fouls': ['11', '15']}"
Liga MX,Mexico,América,3,Puebla,0,2023-07-16,https://www.goal.com/en/match/america-vs-puebla/dcbbqglfscmsrbd34olvcpd04,"[['América', 'Draw', 'Puebla'], ['128', '94', '53']]","{'Ball possession': ['60.5%', '39.5%'], 'Total shots': ['21', '10'], 'Corners': ['4', '5'], 'Fouls': ['12', '14']}"
Liga MX,Mexico,Tigres,1,León,0,2023-07-16,https://www.goal.com/en/match/tigres-uanl-vs-leon/dckohvsmvko34fztlyyd44n4k,"[['Tigres', 'Draw', 'León'], ['123', '99', '69']]","{'Ball possession': ['44.8%', '55.2%'], 'Total shots': ['12', '17'], 'Corners': ['3', '5'], 'Fouls': ['8', '11']}"
Liga MX,Mexico,Toluca,2,Juárez,4,2023-07-16,https://www.goal.com/en/match/toluca-vs-juarez/dcu50twdhhf66dy6dka978efo,"[['Toluca', 'Draw', 'Juárez'], ['125', '115', '55']]","{'Ball possession': ['45.5%', '54.5%'], 'Total shots': ['13', '13'], 'Corners': ['5', '5'], 'Fouls': ['12', '15']}"
Serie A,Brazil,Botafogo,2,RB Bragantino,0,2023-07-16,https://www.goal.com/en/match/botafogo-vs-rb-bragantino/cb1sskvxajdck11s807vwps0k,"[['Botafogo', 'Draw', 'RB Bragantino'], ['288', '182', '100']]","{'Ball possession': ['37.6%', '62.4%'], 'Total shots': ['10', '17'], 'Corners': ['4', '11'], 'Fouls': ['16', '11']}"
Serie A,Brazil,Cruzeiro,0,Coritiba,0,2023-07-16,https://www.goal.com/en/match/cruzeiro-vs-coritiba/cc2kiivh8fg9c9jl51wzti2hg,"[['Cruzeiro', 'Draw', 'Coritiba'], ['188', '153', '81']]","{'Ball possession': ['55.4%', '44.6%'], 'Total shots': ['13', '14'], 'Corners': ['11', '8'], 'Fouls': ['14', '11']}"
Serie A,Brazil,Fluminense,0,Flamengo,0,2023-07-16,https://www.goal.com/en/match/fluminense-vs-flamengo/casm1lanp9wwsuo8oil13u3v8,"[['Fluminense', 'Draw', 'Flamengo'], ['286', '528', '413']]","{'Ball possession': ['54%', '46%'], 'Total shots': ['16', '8'], 'Corners': ['8', '1'], 'Fouls': ['25', '20']}"
Serie A,Brazil,Fortaleza,0,Cuiabá,1,2023-07-16,https://www.goal.com/en/match/fortaleza-vs-cuiaba/ccu0rjjm1o7jp9nn5hfh0xa8k,"[['Fortaleza', 'Draw', 'Cuiabá'], ['229', '188', '63']]","{'Ball possession': ['68.4%', '31.6%'], 'Total shots': ['21', '7'], 'Corners': ['10', '0'], 'Fouls': ['17', '17']}"
Serie A,Brazil,São Paulo,4,Santos,1,2023-07-16,https://www.goal.com/en/match/sao-paulo-vs-santos/cbb1lpxwfb8sekh3mxg4y98no,"[['São Paulo', 'Draw', 'Santos'], ['303', '238', '100']]","{'Ball possession': ['64.2%', '35.8%'], 'Total shots': ['24', '8'], 'Corners': ['4', '3'], 'Fouls': ['21', '16']}"
Liga Profesional Argentina,Argentina,River Plate,3,Estudiantes,1,2023-07-16,https://www.goal.com/en/match/river-plate-vs-estudiantes/2k70y4hogxsgq7b4cm9zoze38,"[['River Plate', 'Draw', 'Estudiantes'], ['603', '159', '162']]","{'Ball possession': ['58.3%', '41.7%'], 'Total shots': ['12', '22'], 'Corners': ['2', '8'], 'Fouls': ['7', '14']}"
Liga Profesional Argentina,Argentina,Belgrano,0,San Lorenzo,1,2023-07-16,https://www.goal.com/en/match/belgrano-vs-san-lorenzo/2k3hfmprixohqeq1ddbipop3o,"[['Belgrano', 'Draw', 'San Lorenzo'], ['147', '196', '177']]","{'Ball possession': ['64.9%', '35.1%'], 'Total shots': ['18', '2'], 'Corners': ['9', '4'], 'Fouls': ['11', '17']}"
Liga Profesional Argentina,Argentina,Gimn La Plata,1,Boca Juniors,3,2023-07-16,https://www.goal.com/en/match/gimnasia-la-plata-vs-boca-juniors/2j5u6ruo2reapyqd92975v0no,"[['Gimn La Plata', 'Draw', 'Boca Juniors'], ['131', '208', '438']]","{'Ball possession': ['36.6%', '63.4%'], 'Total shots': ['19', '9'], 'Corners': ['11', '4'], 'Fouls': ['18', '12']}"
J1 League,Japan,Sanfrecce,1,Yokohama,1,2023-07-16,https://www.goal.com/en/match/sanfrecce-hiroshima-vs-yokohama/1p73h09648wwn0894a655g844,"[['Sanfrecce', 'Draw', 'Yokohama'], ['255', '225', '95']]","{'Ball possession': ['68%', '32%'], 'Total shots': ['15', '10'], 'Corners': ['8', '1'], 'Fouls': ['8', '9']}"
J1 League,Japan,Cerezo,2,Urawa,0,2023-07-16,https://www.goal.com/en/match/cerezo-osaka-vs-urawa-reds/1pp8739x8zxa6itd9zgcz0ges,"[['Cerezo', 'Draw', 'Urawa'], ['274', '460', '267']]","{'Ball possession': ['47.1%', '52.9%'], 'Total shots': ['15', '7'], 'Corners': ['6', '2'], 'Fouls': ['9', '19']}"
J1 League,Japan,Gamba,3,Kashiwa,1,2023-07-16,https://www.goal.com/en/match/gamba-osaka-vs-kashiwa-reysol/1pljk58cvn58fb5lzcos3lp90,"[['Gamba', 'Draw', 'Kashiwa'], ['219', '200', '89']]","{'Ball possession': ['61.4%', '38.6%'], 'Total shots': ['6', '15'], 'Corners': ['2', '9'], 'Fouls': ['12', '12']}"
J1 League,Japan,Kyoto,2,Nagoya,1,2023-07-16,https://www.goal.com/en/match/kyoto-sanga-vs-nagoya-grampus/1pht5zlr954nojqu0ydgk9bf8,"[['Kyoto', 'Draw', 'Nagoya'], ['69', '197', '255']]","{'Ball possession': ['47%', '53%'], 'Total shots': ['15', '12'], 'Corners': ['6', '7'], 'Fouls': ['16', '8']}"
J1 League,Japan,Shonan,0,Avispa,1,2023-07-16,https://www.goal.com/en/match/shonan-bellmare-vs-avispa-fukuoka/1peaabiimp9c5xnn8tuj539xw,"[['Shonan', 'Draw', 'Avispa'], ['170', '347', '221']]","{'Ball possession': ['70.6%', '29.4%'], 'Total shots': ['10', '6'], 'Corners': ['7', '0'], 'Fouls': ['14', '10']}"
J1 League,Japan,Tokyo,1,Kashima,3,2023-07-16,https://www.goal.com/en/match/tokyo-vs-kashima-antlers/1palodbeqtsdbwrb6i096uj2s,"[['Tokyo', 'Draw', 'Kashima'], ['282', '382', '198']]","{'Ball possession': ['59.2%', '40.8%'], 'Total shots': ['6', '15'], 'Corners': ['4', '7'], 'Fouls': ['13', '14']}"
J1 League,Japan,Vissel Kobe,2,Sagan,1,2023-07-16,https://www.goal.com/en/match/vissel-kobe-vs-sagan-tosu/1pujceg0yibwf6uwl3a3o65n8,"[['Vissel Kobe', 'Draw', 'Sagan'], ['331', '210', '96']]","{'Ball possession': ['54.3%', '45.7%'], 'Total shots': ['13', '8'], 'Corners': ['6', '6'], 'Fouls': ['8', '6']}"
Primera A,Colombia,Medellín,2,Equidad,2,2023-07-16,https://www.goal.com/en/match/independiente-medellin-vs-la-equidad/5ajer1zrb2kxe9hkf869r3q50,"[['Medellín', 'Draw', 'Equidad'], ['59', '77', '37']]","{'Ball possession': ['56%', '44%'], 'Total shots': ['16', '16'], 'Corners': ['6', '6'], 'Fouls': ['7', '22']}"
Primera A,Colombia,Junior,0,Águilas D,1,2023-07-16,https://www.goal.com/en/match/junior-vs-aguilas-doradas/5a6hh1dv57f9lnm7ourpu0zkk,"[['Junior', 'Draw', 'Águilas D'], ['63', '63', '30']]","{'Ball possession': ['42.8%', '57.2%'], 'Total shots': ['8', '12'], 'Corners': ['3', '7'], 'Fouls': ['12', '6']}"
Primera A,Colombia,Pasto,0,Millonarios,0,2023-07-16,https://www.goal.com/en/match/deportivo-pasto-vs-millonarios/5as3l2awd5wji0xtb52va4kd0,"[['Pasto', 'Draw', 'Millonarios'], ['24', '49', '68']]","{'Ball possession': ['43.6%', '56.4%'], 'Total shots': ['11', '12'], 'Corners': ['4', '5'], 'Fouls': ['10', '11']}"
Primera División,Uruguay,Nacional,0,Fénix,1,2023-07-16,https://www.goal.com/en/match/nacional-vs-fenix/d8kbnrh4wqcxbvuffkhbwn8d0,"[['Nacional', 'Draw', 'Fénix'], ['62', '44', '23']]","{'Corners': ['5', '11'], 'Fouls': ['13', '10']}"
Primera División,Uruguay,River Plate,0,La Luz,0,2023-07-16,https://www.goal.com/en/match/river-plate-vs-la-luz/d09ahu9357fuynbh8djtqln2s,"[['River Plate', 'Draw', 'La Luz'], ['40', '50', '19']]","{'Corners': ['7', '3'], 'Fouls': ['8', '14']}"
Primera División,Uruguay,Peñarol,2,Boston River,1,2023-07-16,https://www.goal.com/en/match/penarol-vs-boston-river/czb5h4o6ramyudpunw0ai4a38,"[['Peñarol', 'Draw', 'Boston River'], ['60', '42', '26']]","{'Corners': ['4', '4'], 'Fouls': ['13', '10']}"
Primera División,Chile,Copiapó,1,Audax,0,2023-07-16,https://www.goal.com/en/match/copiapo-vs-audax-italiano/bufxs1rmeymtvzhcukmyunj10,"[['Copiapó', 'Draw', 'Audax'], ['37', '70', '42']]","{'Ball possession': ['45.6%', '54.4%'], 'Total shots': ['8', '11'], 'Corners': ['4', '5'], 'Fouls': ['10', '8']}"
Primera División,Chile,Magallanes,1,Ñublense,1,2023-07-16,https://www.goal.com/en/match/magallanes-vs-nublense/bv0stqw7g27rotcky8m38u4gk,"[['Magallanes', 'Draw', 'Ñublense'], ['53', '91', '42']]","{'Ball possession': ['63.5%', '36.5%'], 'Total shots': ['15', '7'], 'Corners': ['2', '1'], 'Fouls': ['15', '12']}"
Eliteserien,Norway,Aalesund,0,Odd,3,2023-07-16,https://www.goal.com/en/match/aalesund-vs-odd/ha0zllgwcybd5wqopozrgbo4,"[['Aalesund', 'Draw', 'Odd'], ['125', '287', '159']]","{'Ball possession': ['34%', '66%'], 'Total shots': ['16', '15'], 'Corners': ['9', '3'], 'Fouls': ['9', '7']}"
Eliteserien,Norway,Bodø/Glimt,2,Haugesund,1,2023-07-16,https://www.goal.com/en/match/bodo-glimt-vs-haugesund/hdihetmx872kvfdzn6nrmdqs,"[['Bodø/Glimt', 'Draw', 'Haugesund'], ['275', '252', '79']]","{'Ball possession': ['59.3%', '40.7%'], 'Total shots': ['24', '9'], 'Corners': ['7', '3'], 'Fouls': ['11', '8']}"
Eliteserien,Norway,Lillestrøm,4,Sandefjord,2,2023-07-16,https://www.goal.com/en/match/lillestrom-vs-sandefjord/hh2jkk3gh4wa4k2rvwvfyql0,"[['Lillestrøm', 'Draw', 'Sandefjord'], ['210', '223', '64']]","{'Ball possession': ['57.7%', '42.3%'], 'Total shots': ['22', '11'], 'Corners': ['4', '4'], 'Fouls': ['7', '13']}"
Eliteserien,Norway,Rosenborg,2,Tromsø,1,2023-07-16,https://www.goal.com/en/match/rosenborg-vs-tromso/hkmx58qezhwha7fqlw11eej8,"[['Rosenborg', 'Draw', 'Tromsø'], ['147', '260', '245']]","{'Ball possession': ['40.5%', '59.5%'], 'Total shots': ['14', '7'], 'Corners': ['3', '3'], 'Fouls': ['10', '5']}"
Eliteserien,Norway,Sarpsborg,2,HamKam,3,2023-07-16,https://www.goal.com/en/match/sarpsborg-08-vs-hamkam/ho3hnjowwctgu2g9vz3oyv4k,"[['Sarpsborg', 'Draw', 'HamKam'], ['185', '205', '81']]","{'Ball possession': ['70.7%', '29.3%'], 'Total shots': ['27', '6'], 'Corners': ['10', '3'], 'Fouls': ['5', '10']}"
Eliteserien,Norway,Stabæk,0,Viking,1,2023-07-16,https://www.goal.com/en/match/stabaek-vs-viking/hrpiuihy2it442roa3ap9rtg,"[['Stabæk', 'Draw', 'Viking'], ['111', '278', '273']]","{'Ball possession': ['31.8%', '68.2%'], 'Total shots': ['7', '14'], 'Corners': ['4', '7'], 'Fouls': ['10', '12']}"
Eliteserien,Norway,Brann,1,Strømsgodset,0,2023-07-16,https://www.goal.com/en/match/brann-vs-stromsgodset/hvbli6l2nmvk1iz3y9qp1vdg,"[['Brann', 'Draw', 'Strømsgodset'], ['187', '238', '104']]","{'Ball possession': ['66.2%', '33.8%'], 'Total shots': ['16', '10'], 'Corners': ['4', '5'], 'Fouls': ['13', '7']}"
Allsvenskan,Sweden,Elfsborg,1,IFK Göteborg,1,2023-07-16,https://www.goal.com/en/match/elfsborg-vs-ifk-goeteborg/3lcow8z8arauas9eqica7huz8,"[['Elfsborg', 'Draw', 'IFK Göteborg'], ['252', '195', '76']]","{'Ball possession': ['69.4%', '30.6%'], 'Total shots': ['15', '6'], 'Corners': ['5', '0'], 'Fouls': ['9', '17']}"
Allsvenskan,Sweden,Hammarby,3,Kalmar,1,2023-07-16,https://www.goal.com/en/match/hammarby-vs-kalmar/3l9ic1m0eusl3knbn7ii2z9qs,"[['Hammarby', 'Draw', 'Kalmar'], ['220', '226', '98']]","{'Ball possession': ['39.9%', '60.1%'], 'Total shots': ['12', '17'], 'Corners': ['4', '5'], 'Fouls': ['10', '9']}"
Allsvenskan,Sweden,Mjällby,1,Norrköping,2,2023-07-16,https://www.goal.com/en/match/mjaellby-vs-norrkoeping/3lolv41ffutku70rxzmtckefo,"[['Mjällby', 'Draw', 'Norrköping'], ['259', '422', '179']]","{'Ball possession': ['53.9%', '46.1%'], 'Total shots': ['9', '14'], 'Corners': ['2', '4'], 'Fouls': ['20', '15']}"
Super League,Malaysia,Kuching FA,1,Perak,2,2023-07-16,https://www.goal.com/en/match/kuching-fa-vs-perak/1jehuxx48xa6icm28s1xs9s0k,[],{}
Super League,Malaysia,PDRM,0,Terengganu,0,2023-07-16,https://www.goal.com/en/match/pdrm-vs-terengganu/1jc7u70al87hvd4bougw0hxxw,[],{}
Club Friendlies,World,Celje,2,Trabzonspor,2,2023-07-16,https://www.goal.com/en/match/celje-vs-trabzonspor/7dimd9vjjrw74gwq33agxitck,"[['Celje', 'Draw', 'Trabzonspor'], ['8', '20', '17']]","{'Ball possession': ['37.3%', '62.7%'], 'Total shots': ['9', '11'], 'Corners': ['3', '3'], 'Fouls': ['9', '13']}"
Club Friendlies,World,Hatay,1,Bodrumspor,2,2023-07-16,https://www.goal.com/en/match/hatayspor-vs-bodrumspor/2t5wrourgp4f3xto7acv99u6s,[],{}
COSAFA Cup,Africa,Malawi,0,South Africa,0,2023-07-16,https://www.goal.com/en/match/malawi-vs-south-africa/e3o9rqh2hk0mgpk2lpgdixjbo,"[['Malawi', 'Draw', 'South Africa'], ['52', '90', '75']]","{'Corners': ['7', '5'], 'Fouls': ['14', '11']}"
COSAFA Cup,Africa,Lesotho,0,Zambia,1,2023-07-16,https://www.goal.com/en/match/lesotho-vs-zambia/bsfzfjepklbu5izjwntd5kpas,"[['Lesotho', 'Draw', 'Zambia'], ['35', '108', '111']]","{'Corners': ['1', '5'], 'Fouls': ['14', '17']}"
Primera Nacional,Argentina,Quilmes,1,Brown Adrogué,1,2023-07-16,https://www.goal.com/en/match/quilmes-vs-brown-de-adrogue/ewq3o3uskginpmo7lm4bokwlw,[],{}
Primera Nacional,Argentina,All Boys,2,Agropecuario,0,2023-07-16,https://www.goal.com/en/match/all-boys-vs-agropecuario/2nfwaidprfamlhomo652y61as,[],{}
Primera Nacional,Argentina,Morón,2,Flandria,1,2023-07-16,https://www.goal.com/en/match/deportivo-moron-vs-flandria/2opaajqup70trngets953s9hw,[],{}
Primera Nacional,Argentina,Racing Córdoba,0,Villa Dálmine,0,2023-07-16,https://www.goal.com/en/match/racing-cordoba-vs-villa-dalmine/evo7aopbwa2sgc0g3v4wmn384,[],{}
Primera Nacional,Argentina,Riestra,0,Dep Madryn,0,2023-07-16,https://www.goal.com/en/match/deportivo-riestra-vs-deportivo-madryn/evxnnursz0vs1t82u728ejmdw,[],{}
Primera Nacional,Argentina,Estudiantes RC,1,Guillermo Br,0,2023-07-16,https://www.goal.com/en/match/estudiantes-rio-cuarto-vs-guillermo-brown/2nspkss5gb5hmqj0sek601no4,[],{}
Torneo Federal A,Argentina,Santamarina,1,Villa Mitre,1,2023-07-16,https://www.goal.com/en/match/deportivo-santamarina-vs-villa-mitre/3zrvuqts7fc96v7gvvav0ygwk,"[['Santamarina', 'Draw', 'Villa Mitre'], ['10', '20', '10']]","{'Corners': ['3', '5'], 'Fouls': ['9', '11']}"
Torneo Federal A,Argentina,Ger Rawson,2,Sansinena,0,2023-07-16,https://www.goal.com/en/match/germinal-de-rawson-vs-sansinena/3z73gjpxw29h4od4ht5qvz76c,[],{}
Torneo Federal A,Argentina,Sol de Mayo,2,Circulo Dep.,1,2023-07-16,https://www.goal.com/en/match/sol-de-mayo-vs-circulo-deportivo/3yxh1jh2hjynauuwer3xylic4,[],{}
Torneo Federal A,Argentina,Douglas Haig,1,Gim Concepción,0,2023-07-16,https://www.goal.com/en/match/douglas-haig-vs-gimnasia-concepcion/ep2tlmdam15639pm2kbtjzwgk,"[['Douglas Haig', 'Draw', 'Gim Concepción'], ['23', '23', '6']]","{'Corners': ['5', '4'], 'Fouls': ['11', '17']}"
Torneo Federal A,Argentina,Sol de América,1,SM Formosa,0,2023-07-16,https://www.goal.com/en/match/sol-de-america-vs-san-martin-formosa/4ltl4832ie3gmz0dj57xg18no,[],{}
Torneo Federal A,Argentina,Cipolletti,1,Liniers BB,0,2023-07-16,https://www.goal.com/en/match/cipolletti-vs-liniers-bahia-blanca/3zgon0x8741ysgzetgmxheuc4,[],{}
Torneo Federal A,Argentina,Estudiantes SL,0,Juventud UU,0,2023-07-16,https://www.goal.com/en/match/estudiantes-de-san-luis-vs-juventud-unida-univ/67zv5i0b4pl9nqyny4ie6i4no,[],{}
Torneo Federal A,Argentina,Def Belgrano,3,Linqueño,1,2023-07-16,https://www.goal.com/en/match/defensores-belgrano-vr-vs-el-linqueno/eo9luaw4dplcqht78nhzgai38,"[['Def Belgrano', 'Draw', 'Linqueño'], ['4', '19', '4']]","{'Corners': ['2', '6'], 'Fouls': ['16', '15']}"
Torneo Federal A,Argentina,Juv Antoniana,0,Crucero,0,2023-07-16,https://www.goal.com/en/match/juventud-antoniana-vs-crucero-del-norte/4mdfpm18ahet1vr13cia2qo0k,[],{}
Prim B Metro,Argentina,Dock Sud,1,San Miguel,3,2023-07-16,https://www.goal.com/en/match/dock-sud-vs-san-miguel/en268qtawxa3cozcdmxnh2iac,[],{}
Prim B Metro,Argentina,Cañuelas,1,Colegiales,2,2023-07-16,https://www.goal.com/en/match/canuelas-vs-colegiales/enk6as68iwse9vwgvmewhjyfo,[],{}
Prim B Metro,Argentina,Urquiza,0,Villa SC,0,2023-07-16,https://www.goal.com/en/match/uai-urquiza-vs-villa-san-carlos/enbf7is6xsmm8o6lxs0a4i1w4,[],{}
Queensland NPL,Australia,Knights,0,Brisbane City,1,2023-07-16,https://www.goal.com/en/match/gold-coast-knights-vs-brisbane-city/a0e7z09xnv31hxdt2z7y73dhw,"[['Knights', 'Draw', 'Brisbane City'], ['34', '21', '12']]","{'Corners': ['4', '2'], 'Fouls': ['11', '20']}"
Queensland NPL,Australia,Eastern Sub,0,SC Wanderers,1,2023-07-16,https://www.goal.com/en/match/eastern-suburbs-vs-sc-wanderers/a0hxd6r27wr3o5hh62suf88wk,"[['Eastern Sub', 'Draw', 'SC Wanderers'], ['9', '16', '11']]","{'Corners': ['4', '5'], 'Fouls': ['16', '9']}"
Queensland NPL Women,Australia,Mitchelton,5,Capalaba,0,2023-07-16,https://www.goal.com/en/match/mitchelton-vs-capalaba/2x96pb2wis8t8x96ubvcwy3h0,"[['Mitchelton', 'Draw', 'Capalaba'], ['4', '6', '2']]","{'Corners': ['3', '4'], 'Fouls': ['8', '5']}"
Victoria NPL,Australia,St. Albans,1,Altona Magic,4,2023-07-16,https://www.goal.com/en/match/st-albans-saints-vs-altona-magic/105ux88wthx1sun51j05uxn9w,"[['St. Albans', 'Draw', 'Altona Magic'], ['7', '18', '14']]","{'Corners': ['4', '5'], 'Fouls': ['16', '6']}"
Victoria NPL,Australia,Knights,2,Moreland City,1,2023-07-16,https://www.goal.com/en/match/melbourne-knights-vs-moreland-city/108v7q2yx645o8ifj1chxifx0,"[['Knights', 'Draw', 'Moreland City'], ['27', '16', '8']]","{'Corners': ['4', '6'], 'Fouls': ['5', '13']}"
Victoria NPL Women,Australia,Heidelberg,0,Calder Utd,6,2023-07-16,https://www.goal.com/en/match/heidelberg-united-vs-calder-united/cnqccmrav474ctvul06s3rhuc,"[['Heidelberg', 'Draw', 'Calder Utd'], ['3', '4', '6']]",
New South Wales NPL,Australia,Sydney Utd,3,Rockdale,3,2023-07-16,https://www.goal.com/en/match/sydney-united-vs-rockdale-ilinden/a402gaaidcfiyo7pp0vqxlo2c,"[['Sydney Utd', 'Draw', 'Rockdale'], ['8', '11', '10']]","{'Corners': ['2', '6'], 'Fouls': ['8', '9']}"
New South Wales NPL,Australia,Wolves,2,NWS Spirit,1,2023-07-16,https://www.goal.com/en/match/wollongong-wolves-vs-nws-spirit/a437oi09kg9hu7fod75pmb1g4,"[['Wolves', 'Draw', 'NWS Spirit'], ['5', '14', '6']]","{'Corners': ['7', '3'], 'Fouls': ['14', '11']}"
New South Wales NPL Women,Australia,Bankstown City,1,NWS Spirit,4,2023-07-16,https://www.goal.com/en/match/bankstown-city-lions-vs-nws-spirit/3ng8mdunr42yx71gvxwopen84,[],{}
New South Wales NPL Women,Australia,Emerging Jets,1,Sydney Olympic,2,2023-07-16,https://www.goal.com/en/match/emerging-jets-vs-sydney-olympic/3mzo8dzju0ktnzrw20tu2ye50,[],{}
New South Wales NPL Women,Australia,Illawarra St.,3,Bulls,0,2023-07-16,https://www.goal.com/en/match/illawarra-stingrays-vs-bulls-academy/3mx0a9b2izeir6hxwa2hrbml0,"[['Illawarra St.', 'Draw', 'Bulls'], ['0', '1', '0']]","{'Corners': ['2', '4'], 'Fouls': ['14', '14']}"
New South Wales NPL Women,Australia,Sydney Univ,3,Spartans,0,2023-07-16,https://www.goal.com/en/match/sydney-university-vs-blacktown-spartans/3n5ljwgobigl6h8waqjqckwlw,"[['Sydney Univ', 'Draw', 'Spartans'], ['0', '1', '0']]",
New South Wales NPL Women,Australia,Ravens,0,Macarthur Rams,3,2023-07-16,https://www.goal.com/en/match/gladesville-ravens-vs-macarthur-rams/3naaf99hulodmzvs2lbeoqdck,"[['Ravens', 'Draw', 'Macarthur Rams'], ['0', '1', '1']]","{'Corners': ['5', '3'], 'Fouls': ['8', '9']}"
New South Wales NPL Women,Australia,Tigers,1,Manly United,1,2023-07-16,https://www.goal.com/en/match/northern-tigers-vs-manly-united/3n2traeoo5nsef2ayycsc1gk4,"[['Tigers', 'Draw', 'Manly United'], ['2', '2', '2']]",
New South Wales NPL Women,Australia,Leichhardt,1,NSW Institute,0,2023-07-16,https://www.goal.com/en/match/apia-leichhardt-vs-football-nsw-institute/3nd5hxulvxaidycuc6z8i9btg,[],{}
Primera División,Bolivia,Royal Pari,0,Bolívar,0,2023-07-16,https://www.goal.com/en/match/royal-pari-vs-bolivar/4rpr28eqgincrwzbew7jhbwgk,"[['Royal Pari', 'Draw', 'Bolívar'], ['35', '72', '66']]","{'Ball possession': ['50.1%', '49.9%'], 'Total shots': ['17', '12'], 'Corners': ['7', '5'], 'Fouls': ['11', '15']}"
Serie B,Brazil,Mirassol,1,Ceará,1,2023-07-16,https://www.goal.com/en/match/mirassol-vs-ceara/bw0y39reei97junissviq2qs4,"[['Mirassol', 'Draw', 'Ceará'], ['60', '90', '53']]","{'Ball possession': ['65.6%', '34.4%'], 'Total shots': ['15', '5'], 'Corners': ['6', '3'], 'Fouls': ['15', '19']}"
Serie C,Brazil,Botafogo,2,Aparecidense,1,2023-07-16,https://www.goal.com/en/match/botafogo-pb-vs-aparecidense/1h9ke8297ba75mzwf8703eoes,"[['Botafogo', 'Draw', 'Aparecidense'], ['21', '31', '15']]","{'Corners': ['5', '3'], 'Fouls': ['17', '15']}"
Serie C,Brazil,Altos,1,América RN,1,2023-07-16,https://www.goal.com/en/match/altos-vs-america-rn/1hjanmws3ndb4kdxkgtz2zifo,[],{}
Serie C,Brazil,CSA,2,São José RS,0,2023-07-16,https://www.goal.com/en/match/csa-vs-sao-jose-rs/1gzp8gu3ejgo7tlcp2pjaczro,"[['CSA', 'Draw', 'São José RS'], ['14', '33', '20']]","{'Corners': ['7', '7'], 'Fouls': ['15', '10']}"
Serie C,Brazil,Operário,1,Floresta,0,2023-07-16,https://www.goal.com/en/match/operario-pr-vs-floresta/1g6ej21p8tt1jj8si5u5ty044,[],{}
Serie D,Brazil,Águia Marabá,6,São Raimundo R,1,2023-07-16,https://www.goal.com/en/match/aguia-de-maraba-vs-sao-raimundo-rr/czj7mwcf3gxugh8b1hw84tc0k,[],{}
Serie D,Brazil,Pacajus,1,Sousa,1,2023-07-16,https://www.goal.com/en/match/pacajus-vs-sousa/d29s7pa859obpdpm07fv60mxg,[],{}
Serie D,Brazil,Parnahyba,1,Atlético CE,1,2023-07-16,https://www.goal.com/en/match/parnahyba-vs-atletico-cearense/d1nwbwoirf732a3kcjildftw4,[],{}
Serie D,Brazil,CAP,2,CRAC,0,2023-07-16,https://www.goal.com/en/match/ca-patrocinense-vs-crac/d77y76du36ylvjjph1dwichlg,[],{}
Serie D,Brazil,Concórdia,4,Caxias,0,2023-07-16,https://www.goal.com/en/match/concordia-vs-caxias/d8hijcjs8bmuzm0wj0kwy7x90,"[['Concórdia', 'Draw', 'Caxias'], ['5', '11', '5']]","{'Corners': ['9', '4'], 'Fouls': ['19', '12']}"
Serie D,Brazil,Ceilândia,2,U Rondonópolis,0,2023-07-16,https://www.goal.com/en/match/ceilandia-vs-uniao-rondonopolis/d4gw37bbpt4ui2x5immqyf95g,"[['Ceilândia', 'Draw', 'U Rondonópolis'], ['4', '7', '2']]","{'Corners': ['5', '4'], 'Fouls': ['16', '11']}"
Serie D,Brazil,Globo,0,Campinense,1,2023-07-16,https://www.goal.com/en/match/globo-vs-campinense/d2vtmqaqjorfhfs083cxesjys,"[['Globo', 'Draw', 'Campinense'], ['3', '2', '2']]","{'Corners': ['6', '4'], 'Fouls': ['14', '23']}"
Serie D,Brazil,Aimoré,0,Camboriú,4,2023-07-16,https://www.goal.com/en/match/aimore-vs-camboriu/d84r8360ieegdriov3hgy8w0k,[],{}
Serie D,Brazil,Cascavel,0,Inter Limeira,0,2023-07-16,https://www.goal.com/en/match/cascavel-vs-inter-de-limeira/d7tr8v25hkkcvvraowyumvqj8,[],{}
Serie D,Brazil,Caucaia,3,Fluminense PI,1,2023-07-16,https://www.goal.com/en/match/caucaia-vs-fluminense-pi/d1d3xj8uw6428d7w0uqgm0sgk,[],{}
Serie D,Brazil,Cruzeiro,2,Retrô,1,2023-07-16,https://www.goal.com/en/match/cruzeiro-arapiraca-vs-retro/d3hurdpap1yeb5vamneqm0x78,"[['Cruzeiro', 'Draw', 'Retrô'], ['2', '8', '2']]","{'Corners': ['3', '4'], 'Fouls': ['10', '12']}"
Serie D,Brazil,Jacuipense,2,Sergipe,2,2023-07-16,https://www.goal.com/en/match/jacuipense-vs-sergipe/d3uvsjk4o38hoihj9vmuzaf4k,"[['Jacuipense', 'Draw', 'Sergipe'], ['4', '9', '3']]","{'Corners': ['9', '1'], 'Fouls': ['11', '16']}"
Serie D,Brazil,Maranhão,2,Tocantinópolis,1,2023-07-16,https://www.goal.com/en/match/maranhao-vs-tocantinopolis/d128d3ay5r95o6ps62dokg5xw,"[['Maranhão', 'Draw', 'Tocantinópolis'], ['3', '4', '2']]","{'Corners': ['7', '0'], 'Fouls': ['22', '18']}"
Serie D,Brazil,Nacional,3,Iguatu,1,2023-07-16,https://www.goal.com/en/match/nacional-de-patos-vs-iguatu/d1yta96yb3i82dhsz7fd2g5jo,"[['Nacional', 'Draw', 'Iguatu'], ['2', '9', '4']]","{'Corners': ['7', '2'], 'Fouls': ['17', '12']}"
Serie D,Brazil,Nacional AM,2,Tuna Luso,1,2023-07-16,https://www.goal.com/en/match/nacional-am-vs-tuna-luso/d0gg9g804heuk9oxz8bypc1zo,"[['Nacional AM', 'Draw', 'Tuna Luso'], ['3', '10', '9']]","{'Corners': ['2', '5'], 'Fouls': ['19', '13']}"
Serie D,Brazil,Novo Hamburgo,5,Hercílio,5,2023-07-16,https://www.goal.com/en/match/novo-hamburgo-vs-hercilio-luz/d8se7v2qt2rpzxofqjm0va1p0,"[['Novo Hamburgo', 'Draw', 'Hercílio'], ['3', '6', '5']]","{'Corners': ['6', '3'], 'Fouls': ['14', '19']}"
Serie D,Brazil,Santa Cruz,1,Potiguar M,1,2023-07-16,https://www.goal.com/en/match/santa-cruz-vs-potiguar-mossoro/d2kvo80plresvebqp8p5qvtp0,"[['Santa Cruz', 'Draw', 'Potiguar M'], ['13', '9', '4']]","{'Corners': ['5', '1'], 'Fouls': ['24', '26']}"
Serie D,Brazil,Trem,0,Humaitá,1,2023-07-16,https://www.goal.com/en/match/trem-vs-humaita/czuc4w02cmzgktaoga9wen1n8,[],{}
Serie D,Brazil,Ferroviário,6,Cordino,1,2023-07-16,https://www.goal.com/en/match/ferroviario-vs-cordino/d0ral9hqt3id5s4hbf0bo18no,"[['Ferroviário', 'Draw', 'Cordino'], ['8', '10', '3']]","{'Corners': ['2', '2'], 'Fouls': ['21', '16']}"
Copa Paulista,Brazil,Marília,0,Grêmio Pr,0,2023-07-16,https://www.goal.com/en/match/marilia-vs-gremio-prudente/7ql3dfotqjugk8spjihp7f9w,"[['Marília', 'Draw', 'Grêmio Pr'], ['3', '12', '2']]","{'Corners': ['3', '7'], 'Fouls': ['22', '13']}"
Copa Paulista,Brazil,São José,2,São Caetano,0,2023-07-16,https://www.goal.com/en/match/sao-jose-ec-vs-sao-caetano/9wdpgl7ataz2p0enkry3yas4,"[['São José', 'Draw', 'São Caetano'], ['3', '7', '1']]","{'Corners': ['5', '1'], 'Fouls': ['18', '25']}"
Copa Paulista,Brazil,Comercial,0,Mirassol B,3,2023-07-16,https://www.goal.com/en/match/comercial-vs-mirassol-b/711zg7uztly6l29hqe5p22hg,"[['Comercial', 'Draw', 'Mirassol B'], ['2', '4', '5']]","{'Corners': ['5', '3'], 'Fouls': ['26', '11']}"
Copa Paulista,Brazil,Juventus,1,Primavera,1,2023-07-16,https://www.goal.com/en/match/juventus-vs-primavera-sp/8tk7o7q7bytw88es34fcrk0k,"[['Juventus', 'Draw', 'Primavera'], ['3', '11', '5']]","{'Corners': ['4', '3'], 'Fouls': ['16', '14']}"
Copa Paulista,Brazil,Portuguesa,2,Santo André B,1,2023-07-16,https://www.goal.com/en/match/portuguesa-santista-vs-santo-andre-b/96htciqdv9qeeruc6fwn651w,[],{}
First League,Bulgaria,Loko Plovdiv,1,Botev,1,2023-07-16,https://www.goal.com/en/match/lokomotiv-plovdiv-vs-botev-plovdiv/1uq01p6ak5ulkate921ao57o4,"[['Loko Plovdiv', 'Draw', 'Botev'], ['56', '110', '64']]","{'Corners': ['5', '2'], 'Fouls': ['8', '15']}"
First League,Bulgaria,Hebar 1918,0,CSKA,0,2023-07-16,https://www.goal.com/en/match/hebar-1918-vs-cska-sofia/1vnxzydqo1ol02gu3bp3a1r84,"[['Hebar 1918', 'Draw', 'CSKA'], ['22', '94', '76']]","{'Corners': ['1', '5'], 'Fouls': ['12', '13']}"
Canadian Premier League,Canada,Forge,1,Valour,1,2023-07-16,https://www.goal.com/en/match/forge-vs-valour/ebn7lqw5i7ysnat4cn5je2fpw,"[['Forge', 'Draw', 'Valour'], ['30', '31', '19']]","{'Corners': ['9', '2'], 'Fouls': ['7', '17']}"
Canadian Premier League,Canada,Atlético,3,Vancouver FC,1,2023-07-16,https://www.goal.com/en/match/atletico-ottawa-vs-vancouver-fc/ebwty6r0uj5pg0dy931ndtkic,[],{}
Primera B,Chile,Temuco,3,Rangers,0,2023-07-16,https://www.goal.com/en/match/deportes-temuco-vs-rangers/3aonbmbq4fnjy3dz6qia4ikus,[],{}
Primera B,Chile,San Marcos,2,Morning,2,2023-07-16,https://www.goal.com/en/match/san-marcos-vs-santiago-morning/3ah5vd2307es71yofz5mpdwd0,[],{}
Primera B,Chile,Antofagasta,1,San Felipe,2,2023-07-16,https://www.goal.com/en/match/deportes-antofagasta-vs-union-san-felipe/3a6oqdg3tt9ofqgmec94s1gk4,[],{}
CSL,China PR,Dalian,0,Changchun,0,2023-07-16,https://www.goal.com/en/match/dalian-pro-vs-changchun-yatai/em8dtkt1zuen63f9aeafdcg7o,"[['Dalian', 'Draw', 'Changchun'], ['46', '83', '43']]","{'Ball possession': ['40.5%', '59.5%'], 'Total shots': ['6', '11'], 'Corners': ['3', '5'], 'Fouls': ['18', '16']}"
CSL,China PR,Guoan,1,Three Towns,1,2023-07-16,https://www.goal.com/en/match/beijing-guoan-vs-wuhan-three-towns/elwsn8r4s9lavn1lwgx96lb84,"[['Guoan', 'Draw', 'Three Towns'], ['56', '102', '54']]","{'Ball possession': ['49.2%', '50.8%'], 'Total shots': ['10', '8'], 'Corners': ['4', '3'], 'Fouls': ['24', '15']}"
CSL,China PR,Nantong,1,Shandong,1,2023-07-16,https://www.goal.com/en/match/nantong-zhiyun-vs-shandong-taishan/emvgvg4z8t1t53fv6pjxl5lp0,"[['Nantong', 'Draw', 'Shandong'], ['35', '80', '77']]","{'Ball possession': ['59.7%', '40.3%'], 'Total shots': ['11', '17'], 'Corners': ['5', '8'], 'Fouls': ['21', '13']}"
CSL,China PR,Shenzhen,1,Port,4,2023-07-16,https://www.goal.com/en/match/shenzhen-vs-shanghai-port/emjt3m6lcdjvzmn2vgc1jn310,"[['Shenzhen', 'Draw', 'Port'], ['31', '98', '72']]","{'Ball possession': ['42.4%', '57.6%'], 'Total shots': ['8', '22'], 'Corners': ['2', '8'], 'Fouls': ['4', '9']}"
CSL,China PR,Zhejiang,2,Tianjin JMT,1,2023-07-16,https://www.goal.com/en/match/zhejiang-vs-tianjin-jinmen-tiger/ellakzxwit53ibufwpeszro5w,"[['Zhejiang', 'Draw', 'Tianjin JMT'], ['40', '75', '43']]","{'Ball possession': ['61.9%', '38.1%'], 'Total shots': ['15', '7'], 'Corners': ['6', '5'], 'Fouls': ['13', '11']}"
China League One,China PR,Dongguan Utd,2,Heilongjiang,2,2023-07-16,https://www.goal.com/en/match/dongguan-united-vs-heilongjiang-ice-city/adz05tm8hewx7q6m6mf7ewdg4,[],{}
China League One,China PR,Jiading,1,Longding,0,2023-07-16,https://www.goal.com/en/match/shanghai-jiading-vs-yanbian-longding/adngdltd1p9bzq59emyaxjndg,[],{}
China League One,China PR,Pingguo Haliao,0,Dongwu,0,2023-07-16,https://www.goal.com/en/match/guangxi-pingguo-haliao-vs-suzhou-dongwu/adbvrrt1owasd0hiogiytj578,[],{}
China League Two,China PR,Qisheng,0,Haimen,3,2023-07-16,https://www.goal.com/en/match/zibo-qisheng-vs-haimen-codion/1sf59f2s8o85wv9v5v91daql0,[],{}
China League Two,China PR,Pterosaur,1,Yukun,6,2023-07-16,https://www.goal.com/en/match/shangyu-pterosaur-vs-yunnan-yukun/1ssoxmm367qgfatvbm7jce7mc,[],{}
China League Two,China PR,Istar,2,Red Lions,1,2023-07-16,https://www.goal.com/en/match/hubei-istar-vs-qingdao-red-lions/1t69t75rfuyg6eudb8xgmor9w,[],{}
China League Two,China PR,Tongliang Long,3,Jiangxi DHJ,1,2023-07-16,https://www.goal.com/en/match/chongqing-tongliang-long-vs-jiangxi-dark-horse/1tjx66dsz4rxsii8dymr23aj8,[],{}
Premier League,Egypt,Mokawloon,1,Ahly,4,2023-07-16,https://www.goal.com/en/match/al-mokawloon-vs-al-ahly/7xjv278dki6fx512m8gtj7das,"[['Mokawloon', 'Draw', 'Ahly'], ['30', '126', '202']]","{'Ball possession': ['31.3%', '68.7%'], 'Total shots': ['9', '11'], 'Corners': ['10', '5'], 'Fouls': ['12', '6']}"
Premier League,Egypt,Zamalek,2,Pharco,2,2023-07-16,https://www.goal.com/en/match/zamalek-vs-pharco/7xsbgunojqzpcaxve6xbzfnys,"[['Zamalek', 'Draw', 'Pharco'], ['196', '184', '67']]","{'Ball possession': ['63.6%', '36.4%'], 'Total shots': ['17', '11'], 'Corners': ['2', '4'], 'Fouls': ['9', '6']}"
UEFA U19 Championship,Europe,Portugal,0,Italy,1,2023-07-16,https://www.goal.com/en/match/portugal-u19-vs-italy-u19/7dympt32arfsp6esowudkqoes,"[['Portugal', 'Draw', 'Italy'], ['165', '125', '90']]","{'Ball possession': ['56.3%', '43.7%'], 'Total shots': ['15', '14'], 'Corners': ['2', '4'], 'Fouls': ['18', '14']}"
Veikkausliiga,Finland,Lahti,1,SJK,1,2023-07-16,https://www.goal.com/en/match/lahti-vs-sjk/u8ats7p98v76rex0gqq2edjo,"[['Lahti', 'Draw', 'SJK'], ['38', '118', '108']]","{'Ball possession': ['42.1%', '57.9%'], 'Total shots': ['7', '10'], 'Corners': ['3', '5'], 'Fouls': ['10', '12']}"
Úrvalsdeild,Iceland,ÍBV,1,Keflavík,1,2023-07-16,https://www.goal.com/en/match/ibv-vs-keflavik/5d4n0bwyrx52s02quspbyxel0,[],{}
1. Deild,Iceland,Ægir,1,Njardvík,0,2023-07-16,https://www.goal.com/en/match/aegir-vs-njardvik/dgorhk8bmutsn9u5d63f8oi6s,[],{}
1. Deild,Iceland,Grótta,2,Grindavík,0,2023-07-16,https://www.goal.com/en/match/grotta-vs-grindavik/dgkz8aepns6kycnhxndkzfztg,"[['Grótta', 'Draw', 'Grindavík'], ['37', '33', '27']]","{'Corners': ['4', '8'], 'Fouls': ['11', '16']}"
1. Deild,Iceland,ÍA,1,Vestri,1,2023-07-16,https://www.goal.com/en/match/ia-vs-vestri/dgw3zdstxcgxsejgb7n692xas,[],{}
1. Deild,Iceland,Selfoss,2,Leiknir R,4,2023-07-16,https://www.goal.com/en/match/selfoss-vs-leiknir-reykjavik/dgsek6mirz2ymhikcgvlzk6qc,[],{}
1. Deild,Iceland,Thór,1,Afturelding,3,2023-07-16,https://www.goal.com/en/match/thor-vs-afturelding/dgzs4a4uhv1n33561ue4oca38,[],{}
1. Deild,Iceland,Thróttur R,2,Fjölnir,2,2023-07-16,https://www.goal.com/en/match/throttur-reykjavik-vs-fjoelnir/dh3i8n29hi9jkviu2r7mjhmac,"[['Thróttur R', 'Draw', 'Fjölnir'], ['14', '45', '38']]","{'Corners': ['6', '5'], 'Fouls': ['17', '7']}"
Liga 1,Indonesia,PSIS,2,Persebaya,0,2023-07-16,https://www.goal.com/en/match/psis-semarang-vs-persebaya-surabaya/5tusuq29hudz8egdwbnt86zo4,[],{}
Liga 1,Indonesia,Persija,4,Bhayangkara,1,2023-07-16,https://www.goal.com/en/match/persija-vs-bhayangkara/5u4q2ogl1tg6el8asl9eic6j8,[],{}
J2 League,Japan,Fagiano,2,V-Varen,2,2023-07-16,https://www.goal.com/en/match/fagiano-okayama-vs-v-varen-nagasaki/2gt2n1zkh48cxzgg830wzdd04,"[['Fagiano', 'Draw', 'V-Varen'], ['36', '76', '58']]","{'Ball possession': ['50.8%', '49.2%'], 'Total shots': ['17', '7'], 'Corners': ['4', '5'], 'Fouls': ['13', '16']}"
J2 League,Japan,Mito,3,Montedio,1,2023-07-16,https://www.goal.com/en/match/mito-hollyhock-vs-montedio-yamagata/2gdvrt2hjypp1kgpa6aahdez8,"[['Mito', 'Draw', 'Montedio'], ['154', '268', '98']]","{'Ball possession': ['34.1%', '65.9%'], 'Total shots': ['13', '7'], 'Corners': ['5', '3'], 'Fouls': ['9', '11']}"
J2 League,Japan,Shimizu,2,JEF Utd,2,2023-07-16,https://www.goal.com/en/match/shimizu-s-pulse-vs-jef-united/2goyixxz5npb7x6zrb0oujcwk,"[['Shimizu', 'Draw', 'JEF Utd'], ['145', '87', '45']]","{'Ball possession': ['61.7%', '38.3%'], 'Total shots': ['18', '11'], 'Corners': ['6', '4'], 'Fouls': ['9', '11']}"
J2 League,Japan,Ventforet,0,ThespaKusatsu,3,2023-07-16,https://www.goal.com/en/match/ventforet-kofu-vs-thespakusatsu-gunma/2gkhe9zfkx7s23l1hk1h62vis,"[['Ventforet', 'Draw', 'ThespaKusatsu'], ['101', '71', '36']]","{'Ball possession': ['57.3%', '42.7%'], 'Total shots': ['21', '11'], 'Corners': ['9', '0'], 'Fouls': ['11', '10']}"
J2 League,Japan,Júbilo,4,Fujieda,1,2023-07-16,https://www.goal.com/en/match/jubilo-iwata-vs-fujieda-myfc/2h5p56unaj68ixaxbkl2ti6fo,"[['Júbilo', 'Draw', 'Fujieda'], ['133', '81', '37']]","{'Ball possession': ['48.5%', '51.5%'], 'Total shots': ['14', '12'], 'Corners': ['4', '2'], 'Fouls': ['13', '14']}"
J2 League,Japan,Kumamoto,1,Oita,3,2023-07-16,https://www.goal.com/en/match/roasso-kumamoto-vs-oita-trinita/2h9c191ndlvqr0xcvddodzcb8,"[['Kumamoto', 'Draw', 'Oita'], ['42', '56', '58']]","{'Ball possession': ['65.6%', '34.4%'], 'Total shots': ['13', '15'], 'Corners': ['8', '5'], 'Fouls': ['6', '10']}"
J2 League,Japan,Omiya,0,Tochigi,0,2023-07-16,https://www.goal.com/en/match/omiya-ardija-vs-tochigi/2gx7bmdbfnsj6s481xg8yia6s,"[['Omiya', 'Draw', 'Tochigi'], ['111', '245', '128']]","{'Ball possession': ['47.2%', '52.8%'], 'Total shots': ['10', '14'], 'Corners': ['6', '6'], 'Fouls': ['7', '11']}"
J2 League,Japan,Zweigen,2,Vegalta,1,2023-07-16,https://www.goal.com/en/match/zweigen-kanazawa-vs-vegalta-sendai/2h1j1ah6l2u05bjtnkxjvs5jo,"[['Zweigen', 'Draw', 'Vegalta'], ['106', '231', '137']]","{'Ball possession': ['35.8%', '64.2%'], 'Total shots': ['18', '8'], 'Corners': ['2', '4'], 'Fouls': ['13', '10']}"
J3 League,Japan,Azul Claro,2,Kagoshima Utd,0,2023-07-16,https://www.goal.com/en/match/azul-claro-numazu-vs-kagoshima-united/151jbrwo27953lorzf2uecgt0,"[['Azul Claro', 'Draw', 'Kagoshima Utd'], ['92', '204', '124']]","{'Ball possession': ['47.6%', '52.4%'], 'Total shots': ['8', '10'], 'Corners': ['3', '12'], 'Fouls': ['13', '7']}"
J3 League,Japan,Giravanz,0,Osaka,0,2023-07-16,https://www.goal.com/en/match/giravanz-kitakyushu-vs-osaka/15hamfhfdh81i46ejmprcp3is,"[['Giravanz', 'Draw', 'Osaka'], ['15', '38', '34']]","{'Ball possession': ['49.8%', '50.2%'], 'Total shots': ['0', '12'], 'Corners': ['1', '8'], 'Fouls': ['10', '13']}"
J3 League,Japan,Grulla Morioka,1,YSCC,0,2023-07-16,https://www.goal.com/en/match/iwate-grulla-morioka-vs-yscc/155jsq35iew2xo91gjyprnqqc,"[['Grulla Morioka', 'Draw', 'YSCC'], ['13', '25', '13']]","{'Ball possession': ['48.2%', '51.8%'], 'Total shots': ['14', '7'], 'Corners': ['3', '5'], 'Fouls': ['8', '15']}"
J3 League,Japan,Matsumoto,1,Fukushima,2,2023-07-16,https://www.goal.com/en/match/matsumoto-yamaga-vs-fukushima-united/159gvnf39jhwp86dvu071lams,"[['Matsumoto', 'Draw', 'Fukushima'], ['27', '28', '17']]","{'Ball possession': ['50.8%', '49.2%'], 'Total shots': ['13', '7'], 'Corners': ['3', '7'], 'Fouls': ['11', '8']}"
J3 League,Japan,Parceiro,2,Gainare,2,2023-07-16,https://www.goal.com/en/match/nagano-parceiro-vs-gainare-tottori/15de69x179fhk3vwuyir4eiok,"[['Parceiro', 'Draw', 'Gainare'], ['10', '25', '19']]","{'Ball possession': ['34.8%', '65.2%'], 'Total shots': ['11', '10'], 'Corners': ['1', '4'], 'Fouls': ['20', '9']}"
K League 1,Korea Republic,Jeonbuk Motors,1,Suwon,0,2023-07-16,https://www.goal.com/en/match/jeonbuk-motors-vs-suwon/b9lpqtns9y4h8dahux7cezy8k,"[['Jeonbuk Motors', 'Draw', 'Suwon'], ['151', '102', '40']]","{'Ball possession': ['52%', '48%'], 'Total shots': ['15', '13'], 'Corners': ['5', '5'], 'Fouls': ['14', '12']}"
K League 1,Korea Republic,Pohang,4,Jeju Utd,2,2023-07-16,https://www.goal.com/en/match/pohang-steelers-vs-jeju-united/b9pb5i90wi0dtnfpngc2o2bdg,"[['Pohang', 'Draw', 'Jeju Utd'], ['121', '97', '36']]","{'Ball possession': ['36.7%', '63.3%'], 'Total shots': ['11', '16'], 'Corners': ['2', '10'], 'Fouls': ['10', '2']}"
K League 1,Korea Republic,Incheon Utd,2,Daejeon,0,2023-07-16,https://www.goal.com/en/match/incheon-united-vs-daejeon-hana-citizen/b9szuuhu26esltcufhdgdintg,"[['Incheon Utd', 'Draw', 'Daejeon'], ['79', '75', '29']]","{'Ball possession': ['52%', '48%'], 'Total shots': ['7', '9'], 'Corners': ['4', '4'], 'Fouls': ['9', '14']}"
K League 2,Korea Republic,Busan IPark,2,Seongnam,3,2023-07-16,https://www.goal.com/en/match/busan-ipark-vs-seongnam/7szds07ofdp1y1osab2x3182c,"[['Busan IPark', 'Draw', 'Seongnam'], ['51', '37', '22']]","{'Corners': ['9', '7'], 'Fouls': ['10', '9']}"
K League 2,Korea Republic,Gyeongnam,0,Dragons,2,2023-07-16,https://www.goal.com/en/match/gyeongnam-vs-jeonnam-dragons/7t2ip00qky08ec7w4k972g3ys,"[['Gyeongnam', 'Draw', 'Dragons'], ['68', '40', '26']]","{'Corners': ['7', '5'], 'Fouls': ['9', '9']}"
Cup,Latvia,PPK,0,Riga,5,2023-07-16,https://www.goal.com/en/match/ppk-vs-riga/y8wbqmd00ygtj7o6mwn5g07o,[],{}
Cup,Latvia,Daugavpils,1,Auda,4,2023-07-16,https://www.goal.com/en/match/bfc-daugavpils-vs-auda/yhlm1p2helbr4cit6n8qirkk,[],{}
Cup,Latvia,Jelgava,0,RFS,3,2023-07-16,https://www.goal.com/en/match/fs-jelgava-vs-rigas-fs/y0cf4vt4fb5aqhaw4hlfnms4,[],{}
Cup,Latvia,Metta,2,Liepāja,2,2023-07-16,https://www.goal.com/en/match/metta-vs-liepaja/xj1l030z6mh26g7ecjrfkv84,[],{}
A Lyga,Lithuania,Riteriai,1,Dainava,3,2023-07-16,https://www.goal.com/en/match/riteriai-vs-dainava/ebe0hjce4g2jxha1c3hegxm38,"[['Riteriai', 'Draw', 'Dainava'], ['16', '39', '22']]","{'Corners': ['8', '1'], 'Fouls': ['16', '7']}"
2. Division,Norway,Vålerenga II,0,Arendal,3,2023-07-16,https://www.goal.com/en/match/valerenga-ii-vs-arendal/86daeawp9z374slbytkh6ewic,"[['Vålerenga II', 'Draw', 'Arendal'], ['8', '15', '20']]","{'Corners': ['4', '5'], 'Fouls': ['7', '9']}"
2. Division,Norway,Brattvåg,1,Egersund,3,2023-07-16,https://www.goal.com/en/match/brattvag-vs-egersund/85swbn3gda4ovlna8vw6jle6s,[],{}
2. Division,Norway,Træff,2,Grorud,2,2023-07-16,https://www.goal.com/en/match/traeff-vs-grorud/866d1uy4brs7v5xrstwxwwo44,"[['Træff', 'Draw', 'Grorud'], ['10', '29', '6']]","{'Corners': ['1', '4'], 'Fouls': ['9', '11']}"
Division Profesional,Paraguay,Sportivo Amel.,0,Cerro Porteño,1,2023-07-16,https://www.goal.com/en/match/sportivo-ameliano-vs-cerro-porteno/5kv8rgw1ptig97bdclgnv8u8k,[],{}
Division Profesional,Paraguay,Caballero JLM,2,Trinidense,0,2023-07-16,https://www.goal.com/en/match/general-caballero-jlm-vs-sportivo-trinidense/5kitb42r4usoddtwi4dctgwlw,"[['Caballero JLM', 'Draw', 'Trinidense'], ['15', '39', '29']]","{'Corners': ['6', '4'], 'Fouls': ['6', '3']}"
Primera División,Peru,César Vallejo,2,Acad. Cantolao,1,2023-07-16,https://www.goal.com/en/match/cesar-vallejo-vs-academia-cantolao/718ybcen66lri0g1nzztyyxw4,"[['César Vallejo', 'Draw', 'Acad. Cantolao'], ['25', '26', '9']]","{'Ball possession': ['53%', '47%'], 'Total shots': ['10', '11'], 'Corners': ['10', '3'], 'Fouls': ['15', '11']}"
Primera División,Peru,Grau,2,Binacional,1,2023-07-16,https://www.goal.com/en/match/atletico-grau-vs-deportivo-binacional/71hhd7eb22dgb4wq7n3mzqb6c,"[['Grau', 'Draw', 'Binacional'], ['16', '24', '10']]","{'Ball possession': ['62.5%', '37.5%'], 'Total shots': ['17', '5'], 'Corners': ['7', '1'], 'Fouls': ['18', '11']}"
Primera División,Peru,Boys,1,Alianza Lima,0,2023-07-16,https://www.goal.com/en/match/sport-boys-vs-alianza-lima/71q51d3t35r43vnylmtsfgzdg,"[['Boys', 'Draw', 'Alianza Lima'], ['23', '44', '43']]","{'Ball possession': ['37%', '63%'], 'Total shots': ['10', '10'], 'Corners': ['1', '6'], 'Fouls': ['15', '15']}"
Liga I,Romania,Petrolul 52,1,U Cluj,1,2023-07-16,https://www.goal.com/en/match/petrolul-52-vs-universitatea-cluj/czlq2kfchv7d2lieab0c88utw,"[['Petrolul 52', 'Draw', 'U Cluj'], ['44', '116', '69']]","{'Corners': ['5', '7'], 'Fouls': ['12', '9']}"
Liga I,Romania,U Craiova 1948,1,FCSB,3,2023-07-16,https://www.goal.com/en/match/u-craiova-1948-vs-fcsb/cz3oms9aakiyoea9dzqb3sqvo,"[['U Craiova 1948', 'Draw', 'FCSB'], ['41', '87', '127']]","{'Corners': ['6', '4'], 'Fouls': ['11', '9']}"
Premier League,Singapore,Albirex,3,Lion City,1,2023-07-16,https://www.goal.com/en/match/albirex-niigata-s-vs-lion-city-sailors/dn5tdtrnk20t3iteii2rw81lg,"[['Albirex', 'Draw', 'Lion City'], ['31', '34', '19']]",
Premier League,Singapore,DPMM,2,Balestier,3,2023-07-16,https://www.goal.com/en/match/dpmm-vs-balestier-khalsa/dn22o67c4u54m3bo3xlqj0ums,[],{}
CONMEBOL Libertadores U20,South America,Peñarol,2,Cerro Porteño,2,2023-07-16,https://www.goal.com/en/match/penarol-u20-vs-cerro-porteno-u20/9oxeuipz4zw44yjxs6mrladxw,[],{}
CONMEBOL Libertadores U20,South America,Boca Juniors,2,Independiente,0,2023-07-16,https://www.goal.com/en/match/boca-juniors-u20-vs-independiente-u20/bt2i7w61s68znqlat7d15en84,[],{}
Superettan,Sweden,AFC Eskilstuna,2,Brage,1,2023-07-16,https://www.goal.com/en/match/afc-eskilstuna-vs-brage/cz9xaghttst6d0esodh7nyfis,"[['AFC Eskilstuna', 'Draw', 'Brage'], ['80', '220', '192']]","{'Corners': ['1', '6'], 'Fouls': ['8', '9']}"
Superettan,Sweden,GAIS,1,Gefle,1,2023-07-16,https://www.goal.com/en/match/gais-vs-gefle/cy18flr4ll49e3jz4n20bp990,"[['GAIS', 'Draw', 'Gefle'], ['67', '71', '29']]","{'Corners': ['11', '7'], 'Fouls': ['10', '11']}"
USL Championship,USA,Miami,1,Charleston,1,2023-07-16,https://www.goal.com/en/match/miami-fc-vs-charleston-battery/4cha092jtp8ixvjdphuc9y4us,"[['Miami', 'Draw', 'Charleston'], ['125', '215', '98']]","{'Ball possession': ['53.3%', '46.7%'], 'Total shots': ['14', '12'], 'Corners': ['5', '4'], 'Fouls': ['13', '23']}"
USL Championship,USA,Pittsburgh,2,Detroit City,0,2023-07-16,https://www.goal.com/en/match/pittsburgh-riverhounds-vs-detroit-city/4cny261cs4qhk5hhcj1znpdzo,"[['Pittsburgh', 'Draw', 'Detroit City'], ['15', '18', '3']]","{'Ball possession': ['39.9%', '60.1%'], 'Total shots': ['8', '9'], 'Corners': ['2', '2'], 'Fouls': ['17', '7']}"
USL Championship,USA,Legion,1,Tampa Bay,0,2023-07-16,https://www.goal.com/en/match/birmingham-legion-vs-tampa-bay-rowdies/4c2s2tzez9ei5p0g8239zli50,"[['Legion', 'Draw', 'Tampa Bay'], ['91', '198', '109']]","{'Ball possession': ['54.1%', '45.9%'], 'Total shots': ['11', '5'], 'Corners': ['4', '2'], 'Fouls': ['17', '11']}"
USL Championship,USA,Loudoun Utd,1,Orange County,3,2023-07-16,https://www.goal.com/en/match/loudoun-united-vs-orange-county-sc/4ce3g1hneu4k81dugcy7vdkwk,"[['Loudoun Utd', 'Draw', 'Orange County'], ['100', '196', '103']]","{'Ball possession': ['57.5%', '42.5%'], 'Total shots': ['15', '8'], 'Corners': ['9', '1'], 'Fouls': ['15', '3']}"
USL Championship,USA,Tulsa,3,Hartford Ath,2,2023-07-16,https://www.goal.com/en/match/fc-tulsa-vs-hartford-athletic/4caw2ej3xn0bniwafr6krw3ro,"[['Tulsa', 'Draw', 'Hartford Ath'], ['12', '15', '4']]","{'Ball possession': ['47%', '53%'], 'Total shots': ['18', '7'], 'Corners': ['2', '10'], 'Fouls': ['10', '14']}"
USL Championship,USA,El Paso Loco,1,RGV FC Toros,1,2023-07-16,https://www.goal.com/en/match/el-paso-locomotive-vs-rio-grande-valley/4c60156bl3v3e3vxlmon9ekus,"[['El Paso Loco', 'Draw', 'RGV FC Toros'], ['7', '5', '3']]","{'Ball possession': ['59.3%', '40.7%'], 'Total shots': ['8', '12'], 'Corners': ['4', '5'], 'Fouls': ['19', '19']}"
USL Championship,USA,Monterey Bay,1,Roots,3,2023-07-16,https://www.goal.com/en/match/monterey-bay-vs-oakland-roots/4cknge3smbdzoutt8d0nt0rv8,"[['Monterey Bay', 'Draw', 'Roots'], ['13', '7', '7']]","{'Ball possession': ['54.9%', '45.1%'], 'Total shots': ['7', '12'], 'Corners': ['6', '1'], 'Fouls': ['17', '12']}"
USL Championship,USA,Sacramento,1,Memphis 901,1,2023-07-16,https://www.goal.com/en/match/sacramento-republic-vs-memphis-901/4cr4dn40u6znn3b9oo3cduihg,"[['Sacramento', 'Draw', 'Memphis 901'], ['20', '11', '7']]","{'Ball possession': ['51.2%', '48.8%'], 'Total shots': ['10', '13'], 'Corners': ['7', '2'], 'Fouls': ['12', '12']}"
USL League One,USA,North Carolina,2,Forward,2,2023-07-16,https://www.goal.com/en/match/north-carolina-vs-forward-madison/1eabh2mboz8rgunvrj0as5mok,[],{}
USL League One,USA,Richmond,2,Independence,2,2023-07-16,https://www.goal.com/en/match/richmond-kickers-vs-charlotte-independence/1e5sq6qecf9iyo6xb78jlphjo,[],{}
USL League One,USA,Tormenta,4,Red Wolves,2,2023-07-16,https://www.goal.com/en/match/tormenta-vs-chattanooga-red-wolves/1e1xm1vvht5sxgzsutx27hy50,[],{}
USL League One,USA,Greenville,1,One Knoxville,0,2023-07-16,https://www.goal.com/en/match/greenville-triumph-vs-one-knoxville/1dxwan77c0l97s3eewubjryfo,[],{}
USL League One,USA,Hailstorm,2,Union Omaha,0,2023-07-16,https://www.goal.com/en/match/northern-colorado-vs-union-omaha/1ee6askt4ru3fyn7fk2hghtzo,[],{}
USL League One,USA,Central Valley,2,Lexington,1,2023-07-16,https://www.goal.com/en/match/central-valley-fuego-vs-lexington/1ei9yyve5ku4we6g1n7iklqms,[],{}
MLS Next Pro,USA,Whitecaps FC 2,0,Timbers2,1,2023-07-16,https://www.goal.com/en/match/vancouver-whitecaps-ii-vs-portland-timbers-ii/2ljb6zl1evyntamp7qezbqrro,[],{}
Primera División,Venezuela,Angostura,2,Caracas,0,2023-07-16,https://www.goal.com/en/match/angostura-vs-caracas/1jir3jxx4jgxjk7eyx8dtwy6s,"[['Angostura', 'Draw', 'Caracas'], ['5', '18', '16']]","{'Corners': ['2', '8'], 'Fouls': ['9', '17']}"
Primera División,Venezuela,Dep. La Guaira,1,Carabobo,1,2023-07-16,https://www.goal.com/en/match/deportivo-la-guaira-vs-carabobo/1jsf9hbfz3gk08znrtn7qk0lw,"[['Dep. La Guaira', 'Draw', 'Carabobo'], ['10', '19', '18']]","{'Corners': ['2', '9'], 'Fouls': ['11', '14']}"
Primera División,Venezuela,Táchira,1,Puerto Cabello,0,2023-07-16,https://www.goal.com/en/match/deportivo-tachira-vs-academia-puerto-cabello/1ipand4fgnk439nzvnl0du904,"[['Táchira', 'Draw', 'Puerto Cabello'], ['30', '32', '9']]","{'Corners': ['3', '3'], 'Fouls': ['16', '18']}"
V.League 1,Vietnam,Thanh Hóa,0,Nam Dinh,2,2023-07-16,https://www.goal.com/en/match/thanh-hoa-vs-nam-dinh/8ypr2grr742pi7mvp9e8zreok,[],{}
V.League 1,Vietnam,CAND,1,Hồng Lĩnh,1,2023-07-16,https://www.goal.com/en/match/cong-an-ha-noi-vs-hong-linh-ha-tinh/8yz0wc2qaevomszbkjm8tfuok,[],{}
